{
  "icons": [
    {
      "src": "https://via.placeholder.com/48x48/667eea/ffffff?text=LH",
      "sizes": "48x48",
      "type": "image/png"
    },
    {
      "src": "https://via.placeholder.com/72x72/667eea/ffffff?text=LH",
      "sizes": "72x72",
      "type": "image/png"
    },
    {
      "src": "https://via.placeholder.com/96x96/667eea/ffffff?text=LH",
      "sizes": "96x96",
      "type": "image/png"
    },
    {
      "src": "https://via.placeholder.com/144x144/667eea/ffffff?text=LH",
      "sizes": "144x144",
      "type": "image/png"
    },
    {
      "src": "https://via.placeholder.com/192x192/667eea/ffffff?text=LH",
      "sizes": "192x192",
      "type": "image/png"
    },
    {
      "src": "https://via.placeholder.com/512x512/667eea/ffffff?text=LH",
      "sizes": "512x512",
      "type": "image/png"
    }
  ]
}